Lições;X11;X12;X21;X22;X31;X32;X41;X42;X51;X52;X61;X62;X71;X72;X81;X82;X91;X92;Resultado
Y001;1;0;0;1;1;0;0;1;0;1;1;0;0;1;1;0;1;0;A
Y002;0;1;0;1;1;0;0;1;0;1;1;0;0;1;1;0;1;0;A
Y003;1;0;1;0;0;1;1;0;1;0;0;1;1;0;0;1;0;1;I
Y004;1;0;1;0;0;1;1;0;1;0;0;1;1;0;0;1;0;1;I
Y005;0;1;0;1;1;0;0;1;0;1;1;0;0;1;1;0;1;0;A
Y006;0;1;0;1;1;0;1;0;1;0;1;0;0;1;1;0;0;1;A
Y007;0;1;0;1;0;1;0;1;0;1;1;0;1;0;1;0;0;1;A
Y008;1;0;1;0;0;1;1;0;1;0;0;1;1;0;1;0;0;1;I
Y009;1;0;1;0;0;1;1;0;1;0;0;1;1;0;0;1;0;1;I
Y010;1;0;1;0;0;1;1;0;0;1;1;0;1;0;0;1;0;1;I
Y011;1;0;1;0;0;1;0;1;1;0;1;0;0;1;1;0;1;0;I
Y012;0;1;0;1;1;0;0;1;1;0;0;1;0;1;1;0;1;0;A
Y013;1;0;0;1;0;1;1;0;0;1;1;0;0;1;1;0;0;1;A
Y014;1;0;1;0;0;1;0;1;0;1;0;1;1;0;0;1;0;1;I
Y015;0;1;0;1;1;0;0;1;1;0;0;1;0;1;0;1;1;0;A
Y016;0;1;0;1;1;0;0;1;0;1;1;0;0;1;1;0;1;0;A
Y018;1;0;1;0;0;1;1;0;1;0;1;0;1;0;0;1;1;0;I
Y019;1;0;0;1;0;1;1;0;0;1;0;1;1;0;0;1;0;1;A
Y020;1;0;0;1;0;1;1;0;1;0;1;0;0;1;1;0;0;1;A
Y021;1;0;0;1;0;1;0;1;1;0;1;0;1;0;0;1;0;1;I
Y022;0;1;1;0;1;0;0;1;1;0;1;0;0;1;0;1;1;0;I
Y023;0;1;0;1;1;0;0;1;0;1;0;1;0;1;1;0;0;1;A
Y025;0;1;1;0;1;0;0;1;0;1;1;0;1;0;1;0;0;1;A
Y026;0;1;0;1;1;0;0;1;0;1;1;0;1;0;1;0;0;1;A
Y027;1;0;0;1;0;1;0;1;1;0;0;1;1;0;1;0;1;0;I
Y028;1;0;1;0;0;1;1;0;1;0;0;1;1;0;1;0;1;0;I
Y029;0;1;1;0;1;0;0;1;0;1;1;0;1;0;1;0;0;1;A
Y030;0;1;0;1;1;0;1;0;1;0;1;0;1;0;0;1;0;1;I
Y031;0;1;0;1;1;0;0;1;0;1;1;0;0;1;0;1;1;0;A
Y032;0;1;0;1;1;0;0;1;0;1;1;0;0;1;0;1;1;0;A
Y033;0;1;0;1;1;0;1;0;0;1;0;1;1;0;0;1;1;0;A
YQ34;1;0;1;0;0;1;0;1;1;0;0;1;1;0;1;0;0;1;I
Y035;1;0;1;0;0;1;1;0;1;0;0;1;1;0;1;0;0;1;I
Y036;1;0;1;0;0;1;1;0;1;0;0;1;1;0;1;0;0;1;I
Y037;1;0;0;1;1;0;1;0;0;1;1;0;0;1;0;1;1;0;A
Y038;0;1;0;1;1;0;0;1;0;1;1;0;0;1;1;0;0;1;A
Y039;0;1;1;0;0;1;1;0;0;1;1;0;0;1;0;1;1;0;A
Y040;1;0;0;1;0;1;0;1;1;0;0;1;1;0;1;0;0;1;I
Y041;1;0;1;0;1;0;1;0;0;1;1;0;0;1;0;1;1;0;A
Y042;0;1;0;1;1;0;0;1;1;0;0;1;0;1;0;1;0;1;A
Y043;0;1;0;1;1;0;0;1;0;1;1;0;0;1;1;0;0;1;A
Y044;0;1;1;0;1;0;0;1;1;0;0;1;0;1;0;1;1;0;A
Y045;1;0;1;0;0;1;0;1;1;0;1;0;1;0;1;0;0;1;I
Y046;1;0;0;1;0;1;1;0;1;0;0;1;1;0;1;0;0;1;I
Y047;1;0;1;0;0;1;1;0;1;0;0;1;1;0;1;0;0;1;I
Y048;0;1;1;0;0;1;1;0;1;0;0;1;1;0;1;0;0;1;I
Y049;1;0;0;1;1;0;0;1;0;1;0;1;1;0;1;0;0;1;I
Y050;0;1;0;1;0;1;0;1;0;1;1;0;0;1;0;1;1;0;A
Y051;1;0;1;0;1;0;0;1;1;0;0;1;1;0;1;0;0;1;I
Y052;1;0;1;0;1;0;1;0;1;0;0;1;1;0;1;0;0;1;I
Y053;0;1;0;1;1;0;0;1;0;1;1;0;0;1;0;1;1;0;A
Y054;1;0;0;1;0;1;0;1;0;1;1;0;0;1;0;1;1;0;A
Y055;0;1;1;0;1;0;0;1;0;1;0;1;0;1;1;0;1;0;A
Y056;0;1;1;0;1;0;0;1;0;1;1;0;1;0;1;0;1;0;A
Y057;0;1;0;1;1;0;0;1;1;0;1;0;0;1;0;1;1;0;A
Y058;0;1;1;0;0;1;1;0;0;1;0;1;1;0;1;0;0;1;I
Y059;1;0;1;0;0;1;1;0;1;0;0;1;1;0;1;0;0;1;I
Y060;1;0;0;1;0;1;1;0;0;1;0;1;1;0;1;0;0;1;I
Y061;1;0;0;1;1;0;0;1;0;1;0;1;1;0;1;0;0;1;I
Y062;1;0;1;0;0;1;1;0;1;0;0;1;1;0;0;1;0;1;I
Y063;1;0;1;0;0;1;1;0;1;0;0;1;1;0;0;1;1;0;I
Y064;1;0;1;0;0;1;1;0;0;1;1;0;1;0;0;1;1;0;I
Y065;1;0;0;1;0;1;0;1;1;0;0;1;1;0;1;0;0;1;I
Y066;0;1;0;1;1;0;1;0;0;1;0;1;1;0;0;1;0;1;A
Y067;0;1;1;0;1;0;1;0;0;1;1;0;0;1;1;0;1;0;A
Y068;0;1;1;0;0;1;0;1;1;0;0;1;1;0;1;0;0;1;I
Y069;1;0;1;0;0;1;0;1;1;0;0;1;1;0;1;0;0;1;I
Y070;1;0;0;1;0;1;0;1;1;0;0;1;1;0;0;1;0;1;I
Y071;0;1;0;1;1;0;1;0;0;1;1;0;0;1;1;0;1;0;A
Y072;0;1;1;0;1;0;1;0;0;1;1;0;0;1;1;0;1;0;A
Y073;1;0;0;1;0;1;0;1;1;0;0;1;1;0;1;0;0;1;I
Y074;1;0;0;1;0;1;0;1;1;0;0;1;1;0;1;0;0;1;I
Y075;1;0;0;1;0;1;0;1;1;0;0;1;1;0;1;0;0;1;I
Y076;1;0;1;0;0;1;0;1;1;0;0;1;1;0;1;0;0;1;I
Y077;1;0;1;0;0;1;0;1;1;0;0;1;1;0;1;0;0;1;I
Y078;0;1;1;0;1;0;1;0;0;1;1;0;0;1;1;0;1;0;A
Y079;0;1;0;1;1;0;1;0;1;0;1;0;0;1;1;0;0;1;A
Y080;0;1;0;1;0;1;1;0;0;1;0;1;1;0;1;0;1;0;A
Y081;0;1;0;1;1;0;1;0;0;1;1;0;0;1;0;1;1;0;A
Y083;1;0;0;1;1;0;1;0;0;1;1;0;0;1;0;1;0;1;A
Y084;1;0;0;1;1;0;1;0;0;1;0;1;0;1;1;0;1;0;A
Y085;0;1;0;1;0;1;0;1;1;0;1;0;1;0;1;0;0;1;I
Y086;1;0;1;0;0;1;0;1;1;0;0;1;1;0;1;0;0;1;I
Y087;1;0;1;0;0;1;0;1;1;0;0;1;1;0;1;0;0;1;I
Y088;1;0;0;1;1;0;1;0;0;1;0;1;0;1;1;0;1;0;A
Y089;0;1;0;1;1;0;1;0;1;0;1;0;1;0;1;0;1;0;A
Y090;1;0;0;1;1;0;1;0;0;1;1;0;0;1;0;1;1;0;A
Y091;1;0;1;0;0;1;0;1;1;0;0;1;1;0;1;0;0;1;I
Y092;1;0;1;0;0;1;0;1;1;0;0;1;1;0;1;0;0;1;I
Y093;1;0;0;1;0;1;0;1;0;1;0;1;1;0;1;0;0;1;I
Y095;0;1;1;0;0;1;1;0;1;0;1;0;0;1;1;0;1;0;A
Y096;0;1;1;0;1;0;1;0;1;0;1;0;0;1;0;1;0;1;A
Y097;0;1;1;0;0;1;1;0;1;0;1;0;0;1;0;1;1;0;A
Y098;0;1;0;1;1;0;0;1;0;1;0;1;0;1;0;1;0;1;A
Y099;1;0;0;1;1;0;0;1;1;0;0;1;1;0;1;0;0;1;I
Y100;1;0;1;0;0;1;0;1;1;0;0;1;1;0;1;0;0;1;I
Y101;1;0;1;0;0;1;0;1;1;0;0;1;1;0;1;0;0;1;I
Y102;1;0;1;0;0;1;0;1;1;0;0;1;1;0;1;0;0;1;I
Y103;1;0;1;0;1;0;0;1;1;0;0;1;1;0;1;0;0;1;I
Y104;0;1;0;1;0;1;1;0;0;1;1;0;1;0;0;1;1;0;A
Y105;0;1;0;1;1;0;1;0;0;1;1;0;0;1;0;1;1;0;A
Y106;1;0;1;0;1;0;1;0;0;1;1;0;0;1;0;1;1;0;A
Y107;1;0;1;0;1;0;1;0;1;0;0;1;0;1;1;0;1;0;I
Y109;1;0;1;0;0;1;1;0;1;0;0;1;0;1;0;1;0;1;A
Yll0;1;0;1;0;0;1;0;1;0;1;0;1;0;1;0;1;0;1;A
Ylll;0;1;0;1;1;0;0;1;0;1;1;0;0;1;0;1;0;1;A
Y112;0;1;1;0;1;0;0;1;1;0;0;1;0;1;0;1;0;1;A
Y113;1;0;1;0;0;1;0;1;1;0;1;0;1;0;1;0;1;0;I
Yll4;0;1;0;1;1;0;1;0;0;1;0;1;0;1;1;0;0;1;I
Y115;0;1;1;0;1;0;1;0;1;0;1;0;0;1;1;0;1;0;I
Y116;1;0;1;0;1;0;0;1;0;1;0;1;0;1;1;0;1;0;I
Y117;1;0;1;0;0;1;0;1;1;0;0;1;0;1;0;1;0;1;A
Yll8;1;0;1;0;1;0;1;0;1;0;1;0;0;1;1;0;0;1;A
Y120;0;1;0;1;1;0;1;0;0;1;1;0;1;0;0;1;0;1;A
Y122;0;1;1;0;0;1;1;0;1;0;0;1;0;1;1;0;1;0;A
Y123;0;1;1;0;1;0;0;1;1;0;0;1;1;0;1;0;0;1;I
Y125;1;0;0;1;0;1;0;1;0;1;0;1;0;1;1;0;1;0;I
Y126;1;0;1;0;1;0;0;1;1;0;1;0;1;0;1;0;0;1;I
Y127;1;0;1;0;1;0;0;1;0;1;0;1;0;1;1;0;1;0;I
Y128;1;0;1;0;1;0;0;1;0;1;0;1;0;1;1;0;0;1;I
Y129;0;1;0;1;1;0;0;1;0;1;1;0;1;0;1;0;1;0;A
Y130;1;0;0;1;0;1;0;1;1;0;0;1;1;0;1;0;0;1;I
Y131;1;0;1;0;0;1;1;0;1;0;0;1;1;0;0;1;1;0;I
Y132;1;0;0;1;1;0;1;0;1;0;1;0;1;0;1;0;0;1;A
Y133;0;1;1;0;0;1;1;0;0;1;1;0;1;0;1;0;1;0;A
Y134;1;0;1;0;0;1;1;0;0;1;0;1;0;1;1;0;0;1;I
Y135;1;0;1;0;0;1;1;0;1;0;0;1;0;1;1;0;1;0;A
Y136;1;0;1;0;0;1;1;0;0;1;0;1;0;1;0;1;1;0;I
Y137;1;0;0;1;0;1;1;0;1;0;0;1;0;1;0;1;1;0;A
Y138;0;1;1;0;0;1;1;0;0;1;1;0;1;0;0;1;1;0;I
Y139;0;1;1;0;0;1;1;0;0;1;0;1;0;1;0;1;1;0;I
Y140;1;0;0;1;1;0;1;0;1;0;0;1;0;1;0;1;0;1;A
Y141;0;1;0;1;1;0;0;1;0;1;1;0;0;1;1;0;1;0;A
Y142;0;1;1;0;1;0;0;1;0;1;1;0;0;1;1;0;1;0;A
Y143;1;0;1;0;1;0;1;0;1;0;0;1;1;0;0;1;0;1;I
Y144;1;0;1;0;0;1;0;1;1;0;0;1;1;0;0;1;0;1;I
Y145;0;1;0;1;1;0;0;1;1;0;1;0;0;1;1;0;1;0;A
Y146;0;1;0;1;1;0;1;0;1;0;0;1;0;1;1;0;0;1;A
Y147;0;1;0;1;0;1;0;1;0;1;1;0;0;1;1;0;0;1;A
Y148;1;0;1;0;0;1;1;0;1;0;0;1;1;0;0;1;0;1;I
Y149;1;0;1;0;0;1;1;0;1;0;0;1;1;0;0;1;1;0;I
Y150;1;0;1;0;0;1;1;0;0;1;1;0;1;0;0;1;1;0;I
Y151;1;0;1;0;0;1;0;1;1;0;1;0;0;1;0;1;1;0;I
Y153;1;0;0;1;0;1;1;0;0;1;0;1;0;1;1;0;0;1;A
Y154;1;0;1;0;0;1;0;1;1;0;0;1;1;0;0;1;0;1;I
Y155;0;1;0;1;1;0;1;0;1;0;0;1;0;1;0;1;1;0;A
Y156;0;1;0;1;0;1;0;1;0;1;1;0;0;1;1;0;1;0;A
Y158;0;1;1;0;0;1;1;0;1;0;1;0;1;0;0;1;1;0;I
Y159;1;0;1;0;0;1;1;0;0;1;0;1;1;0;0;1;0;1;A
Y160;1;0;0;1;1;0;1;0;1;0;1;0;0;1;1;0;0;1;A
Y161;1;0;0;1;0;1;1;0;1;0;1;0;1;0;0;1;0;1;I
Y163;0;1;0;1;1;0;0;1;0;1;1;0;0;1;1;0;0;1;A
Y164;1;0;0;1;0;1;1;0;1;0;0;1;1;0;0;1;0;1;I
Y165;0;1;1;0;1;0;0;1;0;1;1;0;1;0;0;1;0;1;A
Y167;1;0;1;0;1;0;1;0;1;0;0;1;1;0;1;0;1;0;I
Y168;1;0;1;0;1;0;0;1;0;1;1;0;0;1;1;0;1;0;I
Y169;0;1;1;0;1;0;0;1;0;1;1;0;0;1;1;0;0;1;A
Y170;0;1;0;1;1;0;1;0;1;0;0;1;1;0;0;1;0;1;I
Y171;0;1;1;0;0;1;1;0;1;0;1;0;1;0;1;0;0;1;I
Y172;1;0;0;1;1;0;0;1;1;0;0;1;1;0;1;0;0;1;I
Y173;0;1;0;1;0;1;1;0;0;1;0;1;1;0;0;1;1;0;A
Y174;1;0;0;1;0;1;0;1;1;0;0;1;1;0;1;0;0;1;I
Y175;0;1;1;0;0;1;1;0;1;0;0;1;1;0;1;0;0;1;I
Y176;0;1;1;0;0;1;1;0;1;0;0;1;1;0;1;0;0;1;I
Y177;1;0;1;0;1;0;1;0;0;1;1;0;0;1;0;1;1;0;A
Y178;0;1;0;1;0;1;0;1;0;1;1;0;0;1;1;0;0;1;A
Y179;1;0;1;0;0;1;1;0;1;0;0;1;1;0;1;0;1;0;I
Y180;1;0;1;0;0;1;1;0;0;1;0;1;1;0;1;0;1;0;I
Y181;0;1;0;1;0;1;0;1;0;1;0;1;0;1;0;1;0;1;A
Y182;0;1;0;1;1;0;0;1;1;0;0;1;1;0;0;1;0;1;A
Y183;0;1;0;1;1;0;0;1;0;1;1;0;0;1;0;1;0;1;A
Y184;0;1;0;1;1;0;0;1;0;1;1;0;0;1;1;0;0;1;A
Y185;1;0;1;0;0;1;0;1;1;0;1;0;1;0;1;0;1;0;I
Y186;1;0;0;1;0;1;1;0;1;0;0;1;1;0;0;1;0;1;I
Y187;1;0;1;0;0;1;1;0;1;0;0;1;0;1;1;0;0;1;I
Y188;0;1;1;0;0;1;1;0;1;0;1;0;1;0;1;0;0;1;I
Y189;1;0;0;1;1;0;0;1;1;0;0;1;1;0;1;0;0;1;I
Y190;0;1;0;1;0;1;1;0;0;1;1;0;0;1;0;1;1;0;A
Y191;1;0;1;0;0;1;0;1;1;0;0;1;1;0;1;0;0;1;I
Y192;1;0;0;1;1;0;1;0;1;0;0;1;1;0;1;0;0;1;I
Y193;1;0;0;1;1;0;0;1;0;1;1;0;0;1;0;1;1;0;A
Y194;0;1;0;1;0;1;0;1;0;1;1;0;0;1;0;1;1;0;A
Y195;0;1;0;1;1;0;0;1;0;1;0;1;0;1;1;0;1;0;A
Y196;0;1;1;0;0;1;0;1;0;1;1;0;1;0;1;0;1;0;A
Y197;0;1;0;1;1;0;1;0;1;0;1;0;0;1;0;1;1;0;A
Y198;0;1;1;0;0;1;1;0;1;0;0;1;1;0;1;0;0;1;I
Y199;1;0;1;0;0;1;1;0;1;0;1;0;1;0;1;0;0;1;I
Y200;1;0;0;1;0;1;1;0;0;1;0;1;0;1;1;0;0;1;I
Y201;1;0;0;1;1;0;0;1;0;1;0;1;1;0;0;1;0;1;I
Y202;0;1;1;0;0;1;1;0;0;1;1;0;0;1;0;1;0;1;A
Y203;1;0;0;1;0;1;0;1;1;0;0;1;1;0;1;0;1;0;I
Y204;1;0;1;0;1;0;1;0;0;1;1;0;0;1;1;0;1;0;A
Y205;1;0;0;1;0;1;0;1;1;0;0;1;0;1;1;0;0;1;I
Y206;0;1;0;1;1;0;1;0;0;1;1;0;1;0;0;1;0;1;A
Y207;0;1;1;0;1;0;1;0;1;0;1;0;0;1;1;0;1;0;A
Y208;0;1;1;0;0;1;1;0;1;0;0;1;1;0;1;0;0;1;I
Y209;1;0;1;0;0;1;1;0;1;0;0;1;1;0;0;1;1;0;I
Y210;1;0;1;0;0;1;1;0;0;1;1;0;1;0;0;1;1;0;I
Y211;1;0;0;1;1;0;1;0;0;1;1;0;0;1;1;0;1;0;A
Y212;1;0;1;0;1;0;1;0;0;1;1;0;0;1;1;0;1;0;A
Y213;1;0;1;0;0;1;0;1;1;0;0;1;1;0;1;0;0;1;I
Y214;1;0;0;1;1;0;0;1;1;0;0;1;1;0;1;0;0;1;I
Y215;0;1;1;0;0;1;0;1;1;0;0;1;1;0;1;0;0;1;I
Y216;1;0;1;0;0;1;0;1;0;1;0;1;1;0;1;0;0;1;I
Y217;1;0;1;0;0;1;0;1;1;0;1;0;1;0;1;0;0;1;I
Y218;0;1;1;0;1;0;1;0;0;1;1;0;1;0;1;0;1;0;A
Y219;0;1;0;1;1;0;1;0;1;0;1;0;0;1;0;1;0;1;A
Y220;0;1;0;1;0;1;1;0;0;1;0;1;1;0;1;0;0;1;A
Y221;0;1;0;1;1;0;1;0;0;1;1;0;0;1;0;1;0;1;A
Y222;0;1;1;0;0;1;0;1;1;0;0;1;1;0;0;1;1;0;A
Y223;1;0;0;1;1;0;1;0;0;1;1;0;1;0;0;1;0;1;A
Y224;1;0;0;1;1;0;1;0;0;1;1;0;0;1;1;0;1;0;A
Y226;1;0;1;0;0;1;1;0;1;0;0;1;1;0;1;0;0;1;I
Y227;1;0;1;0;1;0;0;1;1;0;0;1;1;0;1;0;0;1;I
Y228;1;0;1;0;1;0;1;0;0;1;0;1;0;1;1;0;1;0;A
Y229;1;0;0;1;1;0;1;0;1;0;1;0;1;0;1;0;1;0;A
Y230;0;1;0;1;1;0;1;0;0;1;1;0;0;1;0;1;1;0;A
Y231;1;0;0;1;0;1;0;1;1;0;0;1;1;0;1;0;0;1;I
Y232;1;0;1;0;1;0;0;1;1;0;0;1;1;0;1;0;0;1;I
Y233;1;0;0;1;0;1;1;0;0;1;0;1;1;0;1;0;0;1;I
Y234;1;0;1;0;1;0;0;1;1;0;1;0;0;1;1;0;1;0;A
Y235;0;1;1;0;0;1;1;0;1;0;0;1;0;1;1;0;1;0;A
Y236;0;1;1;0;1;0;1;0;1;0;1;0;1;0;0;1;0;1;A
Y237;0;1;1;0;0;1;1;0;1;0;1;0;0;1;1;0;1;0;A
Y238;0;1;0;1;1;0;0;1;0;1;0;1;0;1;0;1;1;0;A
Y239;1;0;0;1;1;0;0;1;1;0;0;1;1;0;1;0;1;0;I
Y240;1;0;1;0;0;1;0;1;1;0;0;1;1;0;0;1;0;1;I
Y241;1;0;1;0;0;1;0;1;1;0;0;1;0;1;1;0;0;1;I
Y242;1;0;1;0;0;1;0;1;1;0;1;0;1;0;1;0;0;1;I
Y243;1;0;1;0;1;0;0;1;0;1;0;1;1;0;1;0;0;1;I
Y244;0;1;0;1;0;1;0;1;0;1;1;0;1;0;0;1;1;0;A
Y245;0;1;0;1;0;1;1;0;0;1;1;0;0;1;0;1;1;0;A
Y246;1;0;0;1;1;0;1;0;0;1;1;0;0;1;0;1;1;0;A
Y247;0;1;1;0;1;0;1;0;1;0;0;1;0;1;1;0;1;0;I
Y248;1;0;1;0;1;0;0;1;0;1;1;0;0;1;1;0;1;0;I
Y249;1;0;0;1;0;1;1;0;1;0;0;1;0;1;0;1;0;1;A
Y250;1;0;1;0;1;0;0;1;0;1;0;1;0;1;0;1;0;1;A
Y251;0;1;0;1;1;0;1;0;1;0;0;1;1;0;0;1;0;1;I
Y252;0;1;0;1;1;0;0;1;1;0;1;0;0;1;0;1;1;0;A
Y253;1;0;1;0;1;0;0;1;0;1;0;1;0;1;1;0;1;0;I
Y254;0;1;0;1;1;0;1;0;0;1;0;1;1;0;1;0;0;1;I
Y255;0;1;1;0;1;0;1;0;1;0;1;0;0;1;0;1;1;0;I
Y256;1;0;1;0;1;0;0;1;0;1;0;1;0;1;1;0;0;1;I
Y257;1;0;1;0;0;1;0;1;1;0;0;1;0;1;0;1;1;0;A
Y258;1;0;1;0;1;0;1;0;1;0;1;0;0;1;0;1;0;1;A
Y259;1;0;0;1;0;1;1;0;1;0;0;1;0;1;1;0;0;1;A
Y260;0;1;0;1;1;0;1;0;0;1;0;1;1;0;0;1;0;1;A
Y262;0;1;1;0;0;1;0;1;1;0;0;1;0;1;1;0;1;0;A
Y263;0;1;1;0;0;1;0;1;1;0;0;1;1;0;1;0;0;1;I
Y265;0;1;0;1;0;1;0;1;0;1;0;1;0;1;1;0;1;0;I
Y266;0;1;1;0;1;0;0;1;1;0;1;0;1;0;1;0;0;1;I
Y267;1;0;0;1;1;0;0;1;0;1;0;1;0;1;1;0;1;0;I
Y268;1;0;1;0;0;1;0;1;0;1;0;1;0;1;1;0;0;1;I
Y269;1;0;1;0;0;1;0;1;1;0;0;1;0;1;1;0;0;1;A
Y270;1;0;1;0;0;1;0;1;0;1;0;1;0;1;0;1;1;0;A
Y271;0;1;1;0;0;1;1;0;1;0;1;0;1;0;0;1;0;1;A
Y272;1;0;0;1;1;0;1;0;1;0;1;0;0;1;1;0;0;1;A
Y273;0;1;1;0;0;1;1;0;0;1;1;0;1;0;0;1;1;0;A
Y274;1;0;1;0;0;1;1;0;0;1;0;1;0;1;1;0;1;0;I
Y275;1;0;1;0;0;1;1;0;1;0;0;1;0;1;1;0;0;1;A
Y276;0;1;1;0;0;1;1;0;1;0;1;0;1;0;1;0;0;1;I
Y277;1;0;0;1;1;0;0;1;1;0;0;1;1;0;1;0;0;1;I
Y278;0;1;1;0;0;1;1;0;0;1;0;1;1;0;0;1;1;0;I
Y279;0;1;1;0;0;1;1;0;1;0;0;1;0;1;0;1;1;0;I
Y280;1;0;0;1;1;0;0;1;1;0;0;1;0;1;0;1;0;1;A
Y281;0;1;0;1;1;0;1;0;1;0;0;1;1;0;0;1;0;1;I
Y282;0;1;0;1;1;0;0;1;1;0;1;0;0;1;0;1;1;0;A
Y283;1;0;1;0;1;0;0;1;0;1;0;1;1;0;0;1;0;1;I
Y284;0;1;0;1;1;0;1;0;1;0;0;1;0;1;0;1;1;0;A
Y285;0;1;0;1;1;0;0;1;1;0;1;0;0;1;1;0;1;0;A
Y286;0;1;0;1;1;0;0;1;0;1;0;1;1;0;1;0;1;0;I
Y287;1;0;1;0;0;1;1;0;1;0;1;0;0;1;0;1;1;0;I
Y289;1;0;0;1;0;1;1;0;1;0;1;0;0;1;1;0;1;0;A
Y290;1;0;0;1;0;1;0;1;1;0;1;0;1;0;0;1;0;1;I
Y291;0;1;1;0;1;0;0;1;1;0;1;0;0;1;0;1;1;0;I
Y292;0;1;0;1;1;0;0;1;0;1;0;1;0;1;1;0;1;0;A
Y293;1;0;0;1;0;1;1;0;1;0;0;1;0;1;1;0;0;1;I
Y294;0;1;1;0;1;0;0;1;0;1;1;0;0;1;1;0;0;1;A
Y295;0;1;0;1;1;0;0;1;0;1;0;1;1;0;1;0;0;1;A
Y296;0;1;1;0;0;1;0;1;1;0;0;1;1;0;1;0;0;1;I
Y297;1;0;1;0;1;0;1;0;1;0;0;1;1;0;1;0;1;0;I
Y298;0;1;0;1;1;0;0;1;0;1;1;0;1;0;1;0;0;1;A
Y299;0;1;0;1;1;0;1;0;1;0;1;0;1;0;1;0;1;0;A
Y300;1;0;0;1;1;0;1;0;0;1;1;0;0;1;0;1;1;0;A
Y301;0;1;0;1;1;0;0;1;0;1;1;0;0;1;1;0;1;0;A
Y302;0;1;0;1;0;1;0;1;0;1;1;0;0;1;1;0;1;0;A
Y303;1;0;1;0;0;1;1;0;0;1;0;1;1;0;0;1;0;1;A
Y305;1;0;1;0;0;1;0;1;1;0;0;1;0;1;1;0;0;1;I
Y306;0;1;0;1;1;0;1;0;1;0;1;0;1;0;1;0;0;1;A
Y308;1;0;1;0;1;0;1;0;1;0;0;1;1;0;1;0;0;1;I
Y309;0;1;1;0;0;1;1;0;1;0;0;1;1;0;0;1;0;1;I
Y310;1;0;1;0;1;0;1;0;0;1;1;0;1;0;0;1;0;1;I
Y311;1;0;1;0;0;1;0;1;0;1;1;0;0;1;1;0;1;0;I
Y312;0;1;0;1;1;0;0;1;1;0;0;1;1;0;1;0;1;0;I
Y313;1;0;0;1;0;1;1;0;0;1;1;0;0;1;1;0;1;0;A
Y315;0;1;0;1;1;0;0;1;0;1;0;1;0;1;0;1;1;0;A
Y316;0;1;0;1;0;1;0;1;0;1;1;0;0;1;1;0;1;0;A
Y317;1;0;0;1;1;0;0;1;0;1;1;0;1;0;1;0;1;0;I
Y318;1;0;1;0;1;0;1;0;1;0;1;0;1;0;0;1;1;0;I
Y319;1;0;0;1;0;1;1;0;1;0;0;1;1;0;0;1;0;1;A
Y320;1;0;0;1;0;1;1;0;1;0;1;0;1;0;1;0;0;1;I
Y321;1;0;0;1;0;1;0;1;1;0;1;0;1;0;0;1;1;0;I
Y322;0;1;0;1;1;0;0;1;1;0;1;0;1;0;0;1;1;0;I
Y323;0;1;0;1;1;0;0;1;1;0;0;1;0;1;1;0;0;1;A
Y324;1;0;1;0;1;0;0;1;1;0;1;0;1;0;1;0;0;1;I
Y325;1;0;1;0;1;0;0;1;0;1;1;0;1;0;1;0;0;1;A
Y326;0;1;0;1;0;1;0;1;0;1;1;0;1;0;1;0;0;1;A
Y327;1;0;0;1;0;1;0;1;0;1;0;1;1;0;1;0;1;0;I
Y328;1;0;1;0;0;1;1;0;1;0;0;1;0;1;1;0;1;0;I
Y329;0;1;1;0;1;0;0;1;0;1;1;0;1;0;1;0;1;0;A
Y330;0;1;1;0;0;1;0;1;1;0;0;1;1;0;1;0;0;1;I
Y331;0;1;0;1;1;0;0;1;1;0;1;0;0;1;0;1;1;0;A
Y333;0;0;1;0;1;0;1;0;0;1;0;1;1;0;0;1;1;0;A
Y334;1;0;1;0;1;0;0;1;1;0;0;1;1;0;1;0;0;1;I
Y335;1;0;1;0;0;1;1;0;0;1;0;1;1;0;1;0;0;1;I
Y336;1;0;1;0;0;1;0;1;1;0;0;1;1;0;1;0;0;1;I
Y337;1;0;0;1;1;0;1;0;0;1;0;1;0;1;0;1;1;0;A
Y338;0;1;0;1;1;0;0;1;0;1;1;0;1;0;1;0;0;1;A
Y339;0;1;1;0;0;1;1;0;0;1;1;0;0;1;1;0;1;0;A
Y340;1;0;0;1;0;1;0;1;1;0;0;1;1;0;1;0;1;0;I
Y341;1;0;1;0;1;0;1;0;0;1;1;0;0;1;1;0;1;0;A
Y342;0;1;0;1;1;0;0;1;1;0;0;1;1;0;0;1;0;1;A
Y343;0;1;0;1;1;0;0;1;0;1;0;1;0;1;1;0;0;1;A
Y344;0;1;1;0;1;0;1;0;1;0;0;1;0;1;0;1;1;0;A
Y345;1;0;1;0;1;0;0;1;1;0;1;0;1;0;1;0;0;1;I
Y346;1;0;0;1;0;1;1;0;1;0;0;1;0;1;1;0;0;1;I
Y347;1;0;1;0;0;1;1;0;1;0;1;0;1;0;1;0;0;1;I
Y348;0;1;1;0;0;1;1;0;0;1;0;1;1;0;1;0;0;1;I
Y349;1;0;0;1;1;0;1;0;0;1;0;1;1;0;1;0;0;1;I
Y350;0;1;0;1;1;0;0;1;0;1;1;0;0;1;0;1;1;0;A
Y352;0;1;1;0;1;0;1;0;1;0;0;1;1;0;1;0;0;1;I
Y353;0;1;0;1;1;0;1;0;0;1;1;0;0;1;0;1;1;0;A
Y354;1;0;0;1;0;1;0;1;1;0;1;0;0;1;0;1;1;0;A
Y35S;0;1;1;0;1;0;0;1;0;1;1;0;0;1;1;0;1;0;A
Y356;0;1;1;0;1;0;0;1;0;1;1;0;0;1;1;0;1;0;A
Y357;0;1;0;1;1;0;0;1;1;0;1;0;0;1;1;0;1;0;A
Y358;0;1;1;0;0;1;1;0;0;1;0;1;1;0;1;0;1;0;I
Y359;0;1;0;1;1;0;1;0;0;1;1;0;1;0;1;0;1;0;A
Y360;1;0;0;1;1;0;0;1;0;1;1;0;0;1;0;1;1;0;A
Y361;0;1;0;1;1;0;0;1;0;1;0;1;1;0;1;0;0;1;I
Y362;1;0;0;1;0;1;1;0;1;0;0;1;1;0;0;1;0;1;A
Y363;1;0;1;0;1;0;1;0;1;0;0;1;1;0;0;1;1;0;I
Y364;1;0;1;0;0;1;0;1;0;1;1;0;1;0;0;1;1;0;I
Y365;1;0;0;1;0;1;0;1;0;1;0;1;1;0;1;0;0;1;I
Y366;0;1;0;1;1;0;1;0;0;1;1;0;1;0;0;1;0;1;A
Y367;0;1;1;0;1;0;1;0;0;1;1;0;1;0;1;0;1;0;A
Y368;0;1;1;0;0;1;0;1;1;0;0;1;1;0;0;1;0;1;I
Y369;1;0;1;0;0;1;0;1;1;0;0;1;1;0;1;0;1;0;I
Y370;1;0;0;1;0;1;0;1;1;0;0;1;1;0;1;0;0;1;I
Y371;0;1;1;0;1;0;0;1;1;0;1;0;0;1;1;0;1;0;I
Y372;1;0;0;1;0;1;0;1;0;1;1;0;0;1;1;0;1;0;I
Y373;1;0;0;1;0;1;0;1;0;1;0;1;1;0;1;0;0;1;I
Y374;1;0;0;1;0;1;1;0;1;0;0;1;1;0;1;0;0;1;I
Y375;1;0;0;1;1;0;0;1;1;0;0;1;1;0;1;0;0;1;I
Y376;1;0;0;1;0;1;0;1;1;0;0;1;1;0;1;0;0;1;I
Y378;0;1;0;1;1;0;1;0;0;1;1;0;0;1;1;0;1;0;A
Y379;0;1;0;1;0;1;1;0;1;0;1;0;0;1;1;0;0;1;A
Y380;0;1;0;1;0;1;0;1;0;1;0;1;1;0;1;0;1;0;A
Y381;0;1;0;1;1;0;1;0;1;0;1;0;0;1;0;1;1;0;A
Y382;0;1;1;0;0;1;0;1;1;0;1;0;1;0;1;0;1;0;A
Y383;1;0;0;1;1;0;1;0;0;1;1;0;1;0;0;1;0;1;A
Y385;0;1;0;1;0;1;0;1;1;0;1;0;1;0;1;0;1;0;I
Y386;1;0;1;0;0;1;0;1;1;0;0;1;1;0;0;1;0;1;I
Y387;1;0;1;0;0;1;0;1;1;0;0;1;0;1;1;0;0;1;I
Y388;1;0;0;1;1;0;1;0;0;1;1;0;0;1;1;0;1;0;A
Y389;0;1;1;0;1;0;1;0;1;0;0;1;1;0;1;0;0;1;I
Y390;0;1;0;1;1;0;1;0;0;1;1;0;0;1;0;1;1;0;A
Y391;1;0;1;0;0;1;0;1;1;0;0;1;1;0;0;1;0;1;I
Y392;1;0;1;0;0;1;0;1;1;0;0;1;0;1;1;0;0;1;A
Y393;1;0;0;1;0;1;0;1;0;1;1;0;1;0;1;0;0;1;I
Y394;1;0;1;0;1;0;0;1;1;0;1;0;0;1;1;0;1;0;A
Y395;0;1;1;0;0;1;0;1;1;0;1;0;0;1;1;0;1;0;A
Y396;0;1;1;0;0;1;1;0;1;0;1;0;0;1;0;1;0;1;A
Y397;0;1;0;1;0;1;1;0;1;0;1;0;0;1;0;1;1;0;A
Y398;1;0;0;1;1;0;0;1;0;1;0;1;0;1;0;1;0;1;A
Y399;0;1;0;1;1;0;0;1;1;0;0;1;1;0;1;0;0;1;I
Y400;1;0;0;1;0;1;0;1;1;0;0;1;1;0;1;0;0;1;I
Y402;1;0;1;0;0;1;0;1;0;1;0;1;1;0;1;0;0;1;I
Y403;1;0;1;0;1;0;0;1;1;0;1;0;1;0;1;0;0;1;I
Y404;0;1;0;1;0;1;1;0;0;1;1;0;0;1;0;1;1;0;A
Y405;0;1;0;1;1;0;1;0;0;1;1;0;0;1;0;1;0;1;A
Y406;1;0;1;0;1;0;1;0;0;1;1;0;0;1;1;0;1;0;A
Y407;1;0;1;0;1;0;1;0;1;0;0;1;1;0;1;0;1;0;I
Y409;1;0;0;1;1;0;1;0;0;1;0;1;0;1;0;1;0;1;A
Y410;0;1;0;1;1;0;0;1;0;1;0;1;0;1;1;0;1;0;A
Y411;0;1;1;0;1;0;0;1;0;1;1;0;0;1;0;1;0;1;A
Y412;0;1;1;0;0;1;0;1;1;0;0;1;0;1;0;1;0;1;A
Y413;1;0;1;0;0;1;1;0;1;0;1;0;1;0;1;0;1;0;I
Y415;0;1;1;0;1;0;1;0;1;0;0;1;0;1;1;0;1;0;I
Y416;1;0;1;0;1;0;0;1;0;1;0;1;1;0;1;0;1;0;I
Y417;1;0;1;0;0;1;0;1;1;0;0;1;0;1;1;0;0;1;A
Y418;1;0;1;0;1;0;1;0;1;0;1;0;0;1;1;0;1;0;A
Y419;1;0;0;1;0;1;1;0;1;0;0;1;0;1;1;0;0;1;A
Y420;0;1;0;1;1;0;1;0;0;1;0;1;1;0;0;1;0;1;A
Y421;1;0;0;1;0;1;1;0;0;1;1;0;1;0;0;1;1;0;A
Y423;0;1;1;0;1;0;0;1;1;0;0;1;1;0;1;0;0;1;I
Y424;1;0;1;0;1;0;1;0;1;0;1;0;1;0;0;1;1;0;I
Y425;0;1;1;0;1;0;1;0;0;1;0;1;0;1;1;0;1;0;A
Y427;1;0;1;0;1;0;0;1;0;1;0;1;0;1;0;1;1;0;I
Y428;1;0;1;0;1;0;0;1;0;1;0;1;0;1;1;0;1;0;I
Y429;0;1;0;1;1;0;0;1;0;1;1;0;1;0;0;1;1;0;A
Y430;1;0;0;1;0;1;0;1;1;0;0;1;0;1;1;0;0;1;I
Y431;1;0;1;0;0;1;1;0;1;0;1;0;1;0;0;1;1;0;I
Y432;1;0;0;1;0;1;0;1;0;1;1;0;1;0;1;0;0;1;I
Y433;0;1;1;0;0;1;0;1;0;1;1;0;1;0;1;0;1;0;A
Y434;1;0;1;0;1;0;1;0;0;1;0;1;0;1;1;0;0;1;I
Y435;1;0;0;1;0;1;1;0;1;0;0;1;0;1;1;0;1;0;A
Y436;0;1;1;0;0;1;1;0;0;1;0;1;0;1;0;1;1;0;I
Y437;1;0;1;0;0;1;1;0;1;0;0;1;0;1;0;1;1;0;A
Y438;0;1;1;0;1;0;1;0;0;1;1;0;1;0;0;1;1;0;I
Y439;0;1;1;0;0;1;0;1;0;1;0;1;0;1;0;1;1;0;I
Y440;1;0;1;0;0;1;1;0;0;1;0;1;0;1;0;1;0;1;A
Y441;0;1;1;0;0;1;0;1;0;1;0;1;0;1;0;1;0;1;I
Y442;0;1;1;0;1;0;0;1;0;1;1;0;1;0;1;0;1;0;A
Y443;1;0;1;0;1;0;1;0;1;0;0;1;1;0;1;0;0;1;I
Y444;1;0;1;0;0;1;0;1;1;0;0;1;1;0;0;1;1;0;I
Y445;0;1;0;1;1;0;0;1;1;0;1;0;0;1;0;1;1;0;A
Y445;0;1;0;1;1;0;1;0;1;0;0;1;1;0;1;0;0;1;A
Y447;0;1;0;1;0;1;0;1;0;1;0;1;0;1;1;0;0;1;A
Y448;1;0;1;0;0;1;1;0;0;1;0;1;1;0;0;1;0;1;I
Y449;1;0;1;0;0;1;0;1;1;0;0;1;1;0;0;1;1;0;I
Y450;1;0;1;0;1;0;1;0;0;1;1;0;1;0;0;1;1;0;I
Y451;0;1;0;1;1;0;0;1;0;1;1;0;0;1;1;0;1;0;A
Y452;0;1;1;0;1;0;0;1;0;1;1;0;0;1;1;0;1;0;A
Y453;1;0;1;0;1;0;1;0;1;0;0;1;1;0;0;1;0;1;I
Y454;1;0;1;0;0;1;0;1;1;0;0;1;1;0;0;1;0;1;I
Y4S5;0;1;0;1;1;0;0;1;1;0;1;0;0;1;1;0;1;0;A
Y456;0;1;0;1;1;0;1;0;1;0;0;1;0;1;1;0;0;1;A
Y457;0;1;0;1;0;1;0;1;0;1;1;0;0;1;1;0;0;1;A
Y458;1;0;1;0;0;1;1;0;1;0;0;1;1;0;0;1;0;1;I
Y459;1;0;1;0;0;1;1;0;1;0;0;1;1;0;0;1;1;0;I
Y460;1;0;1;0;0;1;1;0;0;1;1;0;1;0;1;0;0;1;I
Y462;0;1;1;0;1;0;0;1;0;1;0;1;0;1;1;0;1;0;A
Y463;1;0;1;0;0;1;1;0;0;1;0;1;1;0;1;0;0;1;I
Y464;1;0;1;0;0;1;1;0;0;1;0;1;1;0;0;1;0;1;I
Y465;0;1;1;0;0;1;1;0;0;1;1;0;0;1;1;0;1;0;A
Y466;0;1;0;1;0;1;0;1;1;0;0;1;1;0;1;0;0;1;I
Y467;1;0;0;1;1;0;0;1;0;1;1;0;1;0;1;0;1;0;I
Y468;1;0;0;1;0;1;1;0;1;0;1;0;1;0;0;1;1;0;I
Y469;1;0;0;1;1;0;1;0;0;1;0;1;1;0;0;1;0;1;A
Y470;1;0;0;1;0;1;0;1;1;0;1;0;0;1;1;0;0;1;A
Y471;1;0;0;1;0;1;0;1;0;1;1;0;1;0;0;1;0;1;I
Y473;0;1;0;1;1;0;0;1;0;1;0;1;1;0;1;0;0;1;A
Y474;1;0;0;1;0;1;1;0;1;0;0;1;0;1;1;0;0;1;I
Y475;0;1;1;0;1;0;0;1;0;1;1;0;1;0;1;0;1;0;A
Y476;0;1;0;1;1;0;0;1;0;1;1;0;1;0;0;1;0;1;A
Y477;1;0;0;1;0;1;0;1;1;0;0;1;0;1;1;0;1;0;I
Y478;1;0;1;0;0;1;1;0;1;0;1;0;1;0;1;0;1;0;I
Y479;0;1;1;0;1;0;0;1;1;0;1;0;1;0;1;0;0;1;A
Y480;0;1;0;1;1;0;0;1;1;0;1;0;1;0;0;1;0;1;I
Y481;1;0;0;1;1;0;0;1;0;1;1;0;0;1;0;1;1;0;A
Y482;0;1;1;0;1;0;0;1;0;1;1;0;0;1;0;1;1;0;A
Y483;0;1;0;1;0;1;1;0;0;1;0;1;1;0;0;1;1;0;A
Y484;1;0;1;0;0;1;1;0;1;0;0;1;1;0;1;0;0;1;I
Y485;1;0;0;1;0;1;0;1;0;1;0;1;1;0;1;0;1;0;I
Y486;1;0;1;0;1;0;0;1;1;0;1;0;1;0;0;1;0;1;I
Y487;1;0;0;1;1;0;1;0;0;1;1;0;1;0;0;1;1;0;A
Y488;0;1;0;1;1;0;0;1;0;1;1;0;0;1;0;1;0;1;A
Y489;0;1;1;0;0;1;1;0;0;1;1;0;0;1;0;1;0;1;A
Y490;1;0;0;1;0;1;0;1;1;0;0;1;1;0;0;1;0;1;I
Y492;0;1;0;1;1;0;0;1;1;0;1;0;0;1;0;1;0;1;A
Y494;0;1;1;0;1;0;1;0;1;0;0;1;0;1;0;1;1;0;A
Y495;1;0;1;0;1;0;0;1;1;0;1;0;1;0;1;0;0;1;I
Y496;1;0;1;0;0;1;1;0;1;0;0;1;1;0;1;0;0;1;I
Y497;0;1;1;0;0;1;1;0;1;0;0;1;1;0;1;0;0;1;I
Y498;0;1;0;1;0;1;1;0;1;0;0;1;1;0;1;0;0;1;I
Y499;1;0;0;1;0;1;0;1;0;1;0;1;1;0;1;0;0;1;I
Y500;0;1;0;1;0;1;1;0;0;1;1;0;0;1;0;1;1;0;A
Y501;1;0;1;0;1;0;0;1;0;1;0;1;1;0;1;0;0;1;I
Y502;1;0;1;0;1;0;1;0;1;0;1;0;1;0;1;0;0;1;I
Y503;0;1;1;0;1;0;1;0;1;0;1;0;0;1;0;1;1;0;I
YS05;1;0;0;1;0;1;0;1;1;0;0;1;1;0;1;0;1;0;I
Y506;0;1;1;0;1;0;0;1;0;1;1;0;0;1;1;0;1;0;A
Y507;0;1;0;1;1;0;0;1;1;0;0;1;0;1;0;1;1;0;A
Y508;0;1;1;0;0;1;1;0;1;0;0;1;1;0;1;0;0;1;I
Y509;1;0;1;0;0;1;0;1;1;0;0;1;1;0;1;0;0;1;I
Y510;1;0;0;1;1;0;1;0;0;1;0;1;1;0;1;0;0;1;I
Y511;0;1;1;0;1;0;1;0;1;0;0;1;0;1;0;1;0;1;A
Y512;1;0;1;0;0;1;1;0;1;0;0;1;1;0;1;0;0;1;I
Y514;0;1;0;1;0;1;0;1;0;1;0;1;1;0;1;0;1;0;A
Y515;0;1;1;0;0;1;1;0;1;0;0;1;0;1;0;1;1;0;I
Y516;0;1;0;1;1;0;0;1;0;1;0;1;1;0;0;1;0;1;A
Y517;0;1;0;1;0;1;0;1;1;0;0;1;0;1;0;1;1;0;A
Y518;0;1;1;0;1;0;0;1;0;1;1;0;0;1;1;0;1;0;A
Y519;0;1;1;0;0;1;0;1;1;0;0;1;1;0;1;0;0;1;I
Y520;1;0;1;0;0;1;0;1;1;0;0;1;1;0;0;1;0;1;I
Y521;0;1;0;1;0;1;1;0;0;1;1;0;0;1;1;0;1;0;A
Y522;0;1;1;0;1;0;1;0;0;1;0;1;0;1;1;0;1;0;A
Y523;1;0;0;1;0;1;0;1;1;0;0;1;0;1;1;0;0;1;I
Y524;1;0;0;1;0;1;0;1;0;1;1;0;0;1;0;1;0;1;A
Y525;0;1;1;0;1;0;0;1;0;1;0;1;0;1;0;1;1;0;I
Y526;1;0;1;0;0;1;0;1;1;0;0;1;1;0;0;1;0;1;I
Y527;1;0;1;0;0;1;0;1;1;0;0;1;0;1;1;0;0;1;I
Y528;0;1;1;0;1;0;1;0;0;1;0;1;0;1;1;0;1;0;A
Y529;0;1;0;1;1;0;1;0;0;1;1;0;0;1;1;0;0;1;A
Y530;0;1;1;0;0;1;0;1;0;1;1;0;1;0;0;1;1;0;I
Y531;0;1;0;1;0;1;1;0;0;1;1;0;0;1;0;1;1;0;A
Y534;1;0;1;0;1;0;1;0;0;1;0;1;0;1;1;0;1;0;A
Y535;0;1;0;1;1;0;0;1;1;0;1;0;1;0;1;0;0;1;I
Y536;1;0;1;0;0;1;1;0;1;0;0;1;1;0;1;0;0;1;I
YS37;1;0;1;0;0;1;0;1;0;1;0;1;1;0;1;0;0;1;I
Y539;0;1;0;1;1;0;1;0;1;0;1;0;0;1;1;0;1;0;A
Y540;1;0;0;1;1;0;1;0;0;1;1;0;0;1;1;0;1;0;A
Y541;0;1;1;0;0;1;0;1;1;0;0;1;1;0;1;0;0;1;I
Y542;1;0;0;1;0;1;0;1;1;0;0;1;1;0;1;0;0;1;I
Y543;1;0;0;1;1;0;0;1;0;1;0;1;1;0;1;0;0;1;I
Y544;1;0;1;0;1;0;1;0;0;1;1;0;0;1;1;0;1;0;A
Y545;0;1;1;0;0;1;1;0;0;1;1;0;0;1;1;0;1;0;A
Y546;1;0;0;1;1;0;0;1;0;1;0;1;1;0;1;0;1;0;I
Y547;0;1;1;0;0;1;1;0;1;0;1;0;1;0;0;1;1;0;A
Y548;0;1;0;1;1;0;0;1;0;1;0;1;0;1;1;0;0;1;A
Y549;1;0;0;1;1;0;0;1;1;0;0;1;1;0;1;0;1;0;I
Y550;1;0;1;0;0;1;0;1;1;0;0;1;1;0;1;0;1;0;I
Y551;1;0;1;0;0;1;0;1;1;0;0;1;1;0;0;1;0;1;I
Y552;1;0;1;0;0;1;0;1;1;0;0;1;0;1;1;0;0;1;I
Y553;1;0;1;0;1;0;0;1;1;0;1;0;1;0;1;0;0;1;I
Y554;0;1;0;1;0;1;1;0;1;0;1;0;1;0;0;1;1;0;A
Y556;1;0;1;0;0;1;1;0;0;1;1;0;0;1;0;1;1;0;A
Y557;1;0;0;1;1;0;1;0;1;0;0;1;0;1;1;0;1;0;I
Y558;1;0;1;0;1;0;0;1;0;1;1;0;0;1;1;0;1;0;I
Y559;1;0;0;1;0;1;1;0;1;0;0;1;0;1;0;1;0;1;A
Y560;1;0;1;0;1;0;0;1;0;1;0;1;0;1;0;1;0;1;A
Y561;0;1;0;1;1;0;1;0;0;1;1;0;0;1;0;1;0;1;A
Y562;0;1;1;0;1;0;0;1;0;1;0;1;0;1;0;1;0;1;A
Y563;1;0;1;0;0;1;0;1;1;0;0;1;1;0;1;0;1;0;I
Y564;0;1;0;1;1;0;1;0;0;1;0;1;1;0;1;0;0;1;I
Y565;0;1;0;1;1;0;0;1;0;1;1;0;1;0;0;1;1;0;A
Y566;1;0;0;1;0;1;0;1;1;0;0;1;1;0;0;1;0;1;I
Y567;1;0;1;0;0;1;0;1;1;0;0;1;0;1;1;0;0;1;A
Y568;1;0;1;0;1;0;1;0;1;0;1;0;1;0;1;0;0;1;I
Y570;0;1;0;1;1;0;1;0;1;0;1;0;1;0;0;1;0;1;I
Y572;0;1;1;0;0;1;0;1;1;0;0;1;0;1;1;0;1;0;A
Y573;0;1;1;0;1;0;0;1;0;1;0;1;1;0;1;0;0;1;I
Y574;0;1;0;1;1;0;0;1;1;0;1;0;0;1;1;0;1;0;A
Y575;1;0;0;1;0;1;1;0;1;0;1;0;0;1;1;0;0;1;A
Y576;1;0;1;0;0;1;1;0;1;0;1;0;1;0;1;0;0;1;I
Y577;1;0;1;0;1;0;0;1;0;1;0;1;0;1;1;0;0;1;I
Y578;1;0;1;0;1;0;0;1;0;1;0;1;0;1;0;1;0;1;I
Y579;0;1;0;1;1;0;0;1;0;1;1;0;0;1;1;0;1;0;A
Y580;1;0;0;1;0;1;0;1;1;0;1;0;1;0;1;0;0;1;I
Y581;1;0;1;0;0;1;1;0;0;1;0;1;1;0;0;1;1;0;I
Y582;1;0;0;1;1;0;0;1;1;0;1;0;1;0;1;0;0;1;A
Y583;0;1;1;0;1;0;1;0;0;1;1;0;1;0;1;0;1;0;A
Y584;1;0;0;1;0;1;1;0;0;1;0;1;0;1;1;0;0;1;I
Y585;0;1;1;0;0;1;1;0;1;0;0;1;0;1;1;0;1;0;A
Y586;1;0;0;1;0;1;1;0;0;1;0;1;0;1;0;1;1;0;I
Y587;1;0;0;1;1;0;1;0;1;0;0;1;0;1;0;1;1;0;A
Y588;1;0;1;0;0;1;1;0;0;1;0;1;1;0;0;1;1;0;I
Y589;1;0;0;1;0;1;0;1;0;1;0;1;1;0;1;0;0;1;I
Y590;1;0;0;1;1;0;1;0;1;0;1;0;0;1;0;1;0;1;A
Y592;0;1;1;0;1;0;0;1;0;1;1;0;0;1;0;1;1;0;A
Y593;1;0;1;0;1;0;1;0;1;0;0;1;1;0;0;1;1;0;I
Y594;0;1;1;0;0;1;0;1;1;0;0;1;1;0;0;1;0;1;I
Y596;0;1;0;1;0;1;1;0;1;0;0;1;0;1;1;0;0;1;A
Y597;0;1;0;1;0;1;1;0;0;1;1;0;0;1;1;0;0;1;A
Y598;1;0;1;0;0;1;1;0;0;1;0;1;1;0;0;1;0;1;A
Y599;1;0;1;0;0;1;1;0;1;0;1;0;1;0;0;1;1;0;I
Y600;1;0;1;0;0;1;1;0;0;1;1;0;0;1;0;1;1;0;I
